Country Name,2016 [YR2016]
Afghanistan,0.05007549824694277
Albania,0.66597939996511
Algeria,0.3708835073150044
American Samoa,0.8345762169054629
Andorra,0.8806096724845426
Angola,0.5306622394041345
Anguilla,0.8603422073176552
Antigua and Barbuda,0.7731201249817916
Argentina,0.6372954357810116
Armenia,0.45954242939306394
Aruba,0.8555613003199564
Australia,0.8088831681120002
Austria,0.779880833955723
Azerbaijan,0.43059980700822587
"Bahamas, The",0.7937954023331178
Bahrain,0.4339278907479457
Bangladesh,0.33803280517482204
Barbados,0.7938087056115671
Belarus,0.6245561147583143
Belgium,0.6849021019449193
Belize,0.6074077620187164
Benin,0.594888262144761
Bermuda,0.7970129599388226
Bhutan,0.8238031069751749
Bolivia,0.5446048829616236
Bosnia and Herzegovina,0.5140134067184763
Botswana,0.7977489359763748
Brazil,0.5184544437123358
Brunei Darussalam,0.8311804663519937
Bulgaria,0.6107114589643057
Burkina Faso,0.41832078309142795
Burundi,0.1933497510720395
Cabo Verde,0.7755718567834882
Cambodia,0.6390285947300266
Cameroon,0.37879458883825334
Canada,0.8513835079146909
Cayman Islands,0.8309254399340323
Central African Republic,0.23129985562699734
Chad,0.3293759078386069
Chile,0.679317191059384
China,0.4935714568773924
Colombia,0.4145317964387407
Comoros,0.6012093842770325
"Congo, Dem. Rep.",0.13992038250976463
"Congo, Rep.",0.48921074745308296
Costa Rica,0.7298581204741467
Cote d'Ivoire,0.40999920914640925
Croatia,0.7310157871853369
Cuba,0.7349048115547158
Cyprus,0.7186130684798676
Czechia,0.79450190799854
Denmark,0.7718189125917325
Djibouti,0.4676317772952373
Dominica,0.7974337694385433
Dominican Republic,0.6462291747089083
Ecuador,0.5778610077139187
"Egypt, Arab Rep.",0.30107495140509427
El Salvador,0.5752208286089558
Equatorial Guinea,0.5665612648037524
Eritrea,0.4607063744684166
Estonia,0.7327826632752238
Eswatini,0.4951931962799482
Ethiopia,0.26462538812345565
Fiji,0.7808773927023277
Finland,0.798445785444284
France,0.5748551720295033
French Guiana,0.7072560217283778
Gabon,0.5740838786637221
"Gambia, The",0.5059275345578664
Georgia,0.5309630440309633
Germany,0.7337569234263043
Ghana,0.5681700650240262
Greece,0.5700599230084079
Greenland,1.0
Grenada,0.8017311200104777
Guam,0.7305854193963167
Guatemala,0.48478702185514466
Guinea,0.515367152984104
Guinea-Bissau,0.5052640411942931
Guyana,0.5896656472157559
Haiti,0.4436096912584439
Honduras,0.5068695890261145
"Hong Kong SAR, China",0.7478459887164208
Hungary,0.7287961468026932
Iceland,0.8731846807620705
India,0.3994889215755459
Indonesia,0.5187286234244763
"Iran, Islamic Rep.",0.4295502064871975
Iraq,0.12375206497600377
Ireland,0.7679047870042314
Israel,0.4325589625900308
Italy,0.6697750076607054
Jamaica,0.6573598240158612
Japan,0.795488467868886
"Jersey, Channel Islands",0.8675500875776717
Jordan,0.49479831409889774
Kazakhstan,0.5969921547017046
Kenya,0.3185833631280276
Kiribati,0.7705897973620636
"Korea, Dem. People's Rep.",0.45624011999043157
"Korea, Rep.",0.6282253841434856
Kosovo,0.5379815269720849
Kuwait,0.5850905639344179
Kyrgyz Republic,0.4628136039839441
Lao PDR,0.7044699823331968
Latvia,0.692625211937625
Lebanon,0.26494593961300406
Lesotho,0.5464159003574409
Liberia,0.5059842050554366
Libya,0.12962347365073426
Liechtenstein,0.8950893670677046
Lithuania,0.7639771745603814
Luxembourg,0.884894233796147
"Macao SAR, China",0.8822147062982467
Madagascar,0.5362869255012246
Malawi,0.5728474876299704
Malaysia,0.6232789051786124
Maldives,0.6804725691660941
Mali,0.2655281018478441
Malta,0.8156662491126149
Marshall Islands,0.7681335250669866
Martinique,0.7970129599388226
Mauritania,0.4429641212171234
Mauritius,0.801859636778642
Mexico,0.4665714313478259
"Micronesia, Fed. Sts.",0.8095057174847247
Moldova,0.5339641877702312
Monaco,0.8667623915265725
Mongolia,0.7584084368877904
Montenegro,0.6518668367038599
Morocco,0.531475813819798
Mozambique,0.37148456583496386
Myanmar,0.43076075587196555
Namibia,0.7403249367984123
Nauru,0.8243716110142911
Nepal,0.4227806612970376
Netherlands,0.7808576274818168
New Zealand,0.9049191313651864
Nicaragua,0.577086275322154
Niger,0.37067498729824605
Nigeria,0.21192913178349995
North Macedonia,0.5237359921189763
Norway,0.8393121106022073
Oman,0.7506399464383325
Pakistan,0.08873519257603246
Palau,0.7705897973620636
Panama,0.678972554149422
Papua New Guinea,0.49314126042774487
Paraguay,0.6243024406975459
Peru,0.5539968353862603
Philippines,0.31360747192402544
Poland,0.6985670227368078
Portugal,0.7935248697019137
Puerto Rico,0.7358692319303841
Qatar,0.7782274824388766
Reunion,0.6563656946167932
Romania,0.6514781472172855
Russian Federation,0.40210446605621397
Rwanda,0.5830335934583214
Samoa,0.8381340545056475
San Marino,0.8806096724845426
Sao Tome and Principe,0.64103842087172
Saudi Arabia,0.49961842721666216
Senegal,0.5502968075240307
Serbia,0.6240582637334442
Seychelles,0.7436972872889605
Sierra Leone,0.5623786871345743
Singapore,0.9000581109721534
Slovak Republic,0.7421116148243899
Slovenia,0.7977374072842873
Solomon Islands,0.6976629077011196
Somalia,0.11475356588443163
South Africa,0.5660803794364261
South Sudan,0.10133764403613847
Spain,0.6792778258384716
Sri Lanka,0.5943633303200855
St. Kitts and Nevis,0.7212861585127601
St. Lucia,0.8017311200104777
St. Vincent and the Grenadines,0.8017311200104777
Sudan,0.11804954796879516
Suriname,0.6280696182957747
Sweden,0.8021807634789431
Switzerland,0.8615354391872385
Syrian Arab Republic,0.0
"Taiwan, China",0.7843863863427243
Tajikistan,0.4364086523348137
Tanzania,0.5046539689994692
Thailand,0.3931496707432465
Timor-Leste,0.5930640137542925
Togo,0.5607352488242998
Tonga,0.7808773927023277
Trinidad and Tobago,0.6536206604050934
Tunisia,0.36267439319120887
Turkiye,0.18455355482569977
Turkmenistan,0.5566223236698171
Tuvalu,0.8806096724845426
Uganda,0.44920923330256823
Ukraine,0.21615007723367094
United Arab Emirates,0.7095497296741995
United Kingdom,0.6681322179923422
United States,0.6758736490594164
Uruguay,0.8119830645226614
Uzbekistan,0.5390450549364206
Vanuatu,0.697243224145849
"Venezuela, RB",0.38664560367279116
Viet Nam,0.6432669250072774
Virgin Islands (U.S.),0.7970129599388226
West Bank and Gaza,0.1920144543853105
"Yemen, Rep.",0.024957146187070987
Zambia,0.6239857168072003
Zimbabwe,0.4692218923449755
